Content,Video title,Video publish time,Duration,Views,Watch time (hours),Subscribers,Impressions,Impressions click-through rate (%)
Total,,,,3476,107.9318,13,49792,1.44
5MiKeW8cLQI,POV: Hogwarts in Tokyo at 3AM #Shorts,"May 15, 2026",21,1006,1.694,4,80,2.5
cp4hEQLz6N4,POV: A Wizarding Library in Old Shanghai #Shorts,"May 20, 2026",21,322,0.4028,0,91,1.1
4QvTA_pGv88,POV: A Gym in Rivendell #Shorts,"May 16, 2026",21,173,0.1586,0,45,2.22
C-fhHzb4_CQ,POV: A Quiet Night by the Lake #Shorts,"May 16, 2026",21,166,0.1957,0,62,3.23
AqVv-sEqRMw,"Snowy Kyoto Wizarding Library | 1 Hour Calm Focus Music | Relax, Study, Sleep","May 17, 2026",3600,119,18.8008,2,5814,1.62
pg0MdvDuwMw,"Bioluminescent Ocean | 1 Hour Calm Focus Music | Relax, Study, Sleep","May 7, 2026",3713,112,13.6586,1,3036,2.83
mOLecwf8BKM,POV: A Fiesta at the Iron Throne #Shorts,"May 15, 2026",21,106,0.1164,0,53,1.89
KlO_2haMjuY,POV: Jabba Nail Salon #Shorts,"May 15, 2026",21,104,0.081,0,33,6.06
e7pinQJS5cQ,POV: Karaoke Night at Dragonstone #Shorts,"May 15, 2026",21,103,0.142,0,285,0.35
j1Xzb-aA6nw,"Mordor Coffee Shop | 1 Hour Calm Focus Music | Relax, Study, Sleep","May 10, 2026",3601,78,8.8978,1,3394,1.86
GG1y9MSiBUs,"Old Shanghai Wizarding Library | 1 Hour Calm Focus Music | Relax, Study, Sleep","May 20, 2026",3600,77,10.6658,0,5629,0.98
MnhXElshcUk,"Late-Night Gotham Diner | 1 Hour Calm Focus Music | Relax, Study, Sleep","May 26, 2026",3600,71,16.4181,0,4167,1.56
7OCEQsQXQjU,"Wizarding Library by the Pyramids | 1 Hour Calm Focus Music | Relax, Study, Sleep","May 25, 2026",3600,65,6.9811,0,3439,1.37
j6L8nc02R7E,POV: A Wizarding Library in Snowy Kyoto #Shorts,"May 17, 2026",21,63,0.0686,0,148,2.03
uex094f6Aug,POV: A Wizarding Library in Rainy London #Shorts,"May 19, 2026",21,62,0.0981,1,179,2.23
C6Dk8M2DAqQ,POV: A Wizarding Library in Las Vegas at Midnight #Shorts,"May 24, 2026",21,58,0.0702,0,74,4.05
pcdkX44hGoM,POV: A Wizarding Library on the Venice Canals #Shorts,"May 18, 2026",21,58,0.0465,0,51,0
2iuBwy83PvQ,POV: Lost in an Enchanted Forest #Shorts,"May 16, 2026",21,56,0.0608,0,42,0
v67VknHY01I,POV: A Café in Mordor #Shorts,"May 15, 2026",21,52,0.0242,0,36,2.78
Z3EydijfShM,POV: Ramen in the Shire #Shorts,"May 15, 2026",21,50,0.036,0,35,2.86
fAtyS82_V0A,"Enchanted Forest & Fireflies | 1 Hour Calm Focus Music | Relax, Study, Sleep","May 7, 2026",3637,49,4.1622,0,1814,1.93
QTEiWxllluU,POV: A Wizarding Library in Rainy New York #Shorts,"May 21, 2026",21,48,0.0553,0,73,0
H-xXLgBLF2w,"Rainy London Wizarding Library | 1 Hour Calm Focus Music | Relax, Study, Sleep","May 19, 2026",3600,42,7.6587,0,2430,1.36
L1L3TuG2ZvU,"Moonlit Lake | 1 Hour Calm Focus Music | Relax, Study, Sleep","May 8, 2026",3639,40,0.4432,0,3819,0.86
de2YEGuKSpg,"Las Vegas Wizarding Library at Midnight | 1 Hour Calm Focus Music | Relax, Study, Sleep","May 24, 2026",3600,37,2.6698,0,2686,1.08
 -hNWvBUG1Cg,"Wizarding Library Under the Northern Lights | 1 Hour Calm Focus Music | Relax, Study, Sleep","May 24, 2026",3600,35,3.5233,0,1893,1
S8b0XTiUE6U,"Dragonstone Karaoke Bar | 1 Hour Calm Focus Music | Relax, Study, Sleep","May 12, 2026",3602,35,1.25,0,1886,1.64
1ii4tYz5lGg,POV: A Bird Shop in Diagon Alley #Shorts,"May 22, 2026",21,33,0.0407,0,32,3.13
e7cREJNe2Z4,"Venice Canals Wizarding Library | 1 Hour Calm Focus Music | Relax, Study, Sleep","May 18, 2026",3600,33,4.4192,0,2283,0.96
cj0IiSEp3To,POV: A Glowing Ocean at Night #Shorts,"May 16, 2026",21,28,0.0307,0,149,2.01
jq-hjnxtyZM,POV: A Wizarding Library by the Pyramids #Shorts,"May 25, 2026",21,27,0.0097,0,24,4.17
GTxZPO53BAw,POV: A Wizarding Library Under the Northern Lights #Shorts,"May 24, 2026",21,22,0.0369,0,47,0
9-_TH62wq3o,"Shire Ramen Shop | 1 Hour Calm Focus Music | Relax, Study, Sleep","May 11, 2026",3601,21,1.1068,0,1165,1.29
7iNCzHvxZME,"Diagon Alley Bird Shop | 1 Hour Calm Focus Music | Relax, Study, Sleep","May 22, 2026",3600,16,0.1151,0,896,1.56
CPQ70KiwXx8,POV: Pizza Night in the Batcave #Shorts,"May 16, 2026",21,16,0.0059,0,75,0
7vVLIeywHv4,POV: A Late-Night Diner in Gotham #Shorts,"May 26, 2026",21,15,0.0133,0,24,8.33
8eyD0nLPqnk,"Rainy New York Wizarding Library | 1 Hour Calm Focus Music | Relax, Study, Sleep","May 21, 2026",3600,12,1.2866,0,525,2.1
AbFQTkjV0cc,"Iron Throne Fiesta | 1 Hour Calm Focus Music | Relax, Study, Sleep","May 13, 2026",3602,10,0.0371,0,673,0.89
bSy4c4SLZA8,"Batcave Pizza Shop | 1 Hour Calm Focus Music | Relax, Study, Sleep","May 16, 2026",3600,10,0.1953,0,461,1.74
vJdfMO30eo0,"Castle Black Spa | 1 Hour Calm Focus Music | Relax, Study, Sleep","May 16, 2026",3638,9,1.1131,1,466,1.72
CnaMusCLI9M,"Jabba's Palace Nail Salon | 1 Hour Calm Focus Music | Relax, Study, Sleep","May 14, 2026",3603,9,0.0796,0,490,1.84
se24RuPA_JY,"Rivendell Gym | 1 Hour Calm Focus Music | Relax, Study, Sleep","May 15, 2026",3601,7,0.0258,0,346,0.87
SzusYGA1gKs,POV: A Spa Day at Castle Black #Shorts,"May 16, 2026",21,6,0.0078,0,87,0
xHC5JiCpyD0,"Hogwarts Tokyo | 2 Hour Calm Focus Music | Relax, Study, Sleep","May 8, 2026",7256,6,0.0124,0,583,0.86
sRObbRomUOE,🔴 Realm Blender 24/7 — Lofi Study & Sleep Ambient · Fantasy Worlds,"May 26, 2026",9953,1,0.0103,0,8,0
